ds,yhat,yhat_lower,yhat_upper
2023-01-02,1141.5058358301642,1104.1687131016517,1179.5641894068735
2023-01-03,1134.9656140429713,1095.1594930721944,1172.0050869974393
2023-01-04,1134.968245807675,1099.7554436895302,1175.1455692515035
2023-01-05,1133.6470088414094,1095.7461869120832,1171.3011642734468
2023-01-06,1134.1602547479472,1095.746243995975,1172.7393130544706
2023-01-09,1132.667126555017,1092.9546660483074,1167.9401982814147
2023-01-10,1126.1269047678286,1087.3936293512897,1164.8631792622612
2023-01-11,1126.1295365325223,1090.3715173819664,1163.6237648837266
2023-01-12,1124.808299566274,1086.3394499142905,1163.5294350217114
2023-01-13,1125.3215454728102,1089.5599994511517,1165.9068031401378
2023-01-16,1123.8284172798863,1086.8973343467414,1165.7786988585594
2023-01-17,1117.2881954926813,1080.3050309030689,1154.7190344984745
2023-01-18,1117.290827257378,1079.6033863132313,1153.9323985255296
2023-01-19,1115.9695902911255,1078.4225298435083,1154.4386567526533
2023-01-20,1116.4828361976663,1079.246987064087,1154.5193691987772
2023-01-23,1114.9897080047401,1078.1285631514752,1155.1530318428233
2023-01-24,1108.4494862175343,1071.163111802272,1144.3789829881941
2023-01-25,1108.4521179739215,1072.152016587341,1144.853389459041
2023-01-27,1107.64412689757,1072.9079346531505,1144.3483283937867
2023-01-30,1106.1509986796932,1066.5573336609043,1143.7748229031683
2023-01-31,1099.6107768841737,1063.3247666388654,1137.4728238861717
2023-02-01,1099.613408640558,1062.6769995987358,1137.1828772590602
2023-02-02,1098.2921716659932,1059.2975176101315,1135.6092122555176
2023-02-03,1098.8054175642037,1061.749927788192,1139.0747882385085
2023-02-06,1097.3122893463305,1059.5835957217428,1136.8835130251725
2023-02-07,1090.7720675508185,1053.9519821911247,1130.6666648635078
2023-02-08,1090.7746993072028,1052.5959649310412,1130.4187807305939
2023-02-09,1089.4534623326358,1048.3263788525908,1132.4912411841244
2023-02-10,1089.966708230851,1051.3093929525735,1127.4233880587274
2023-02-13,1088.4735800129681,1050.5194924739865,1125.467680406897
2023-02-14,1081.9333582174622,1044.5108331215347,1119.5218480011306
2023-02-15,1081.9359899738379,1045.0980567848512,1119.7392454926028
2023-02-16,1080.6147551514562,1042.7304388496377,1118.2810653591514
2023-02-17,1081.1280032018599,1045.8452118608966,1119.247547321901
2023-02-20,1079.6348814405262,1040.8060469664367,1116.9330680143446
2023-02-21,1073.0946617972045,1033.7159215818729,1113.102154820252
2023-02-22,1073.0972957057716,1034.6172932005845,1110.284171104941
2023-02-23,1071.7760608833835,1035.2526611741528,1110.4087810107187
2023-02-24,1072.2893089337797,1034.8042798026345,1111.8598175113361
2023-02-27,1070.7961871724517,1034.280903782662,1106.147855542989
2023-02-28,1064.2559675291407,1029.6618083276735,1101.8483185272798
2023-03-01,1064.258601437705,1028.0059369312091,1101.3340325044069
2023-03-02,1062.9373666153085,1024.3586451382735,1099.181567561703
2023-03-03,1063.450614665709,1025.7223359519448,1099.252267532755
2023-03-06,1061.9574929043952,1022.3690840502692,1101.3208220142558
2023-03-08,1055.419907169629,1015.9131006326335,1092.390493215073
2023-03-09,1054.0986723472463,1016.562793931634,1090.8871205759137
2023-03-10,1054.6119203976384,1015.8510395349756,1093.9766554446028
2023-03-13,1056.857363443796,1017.6008001561418,1094.6518043622746
2023-03-14,1051.5633320696274,1014.521563030753,1089.1426471426023
2023-03-15,1052.8121542473532,1014.8027261985749,1092.1372986150354
2023-03-16,1052.7371076941201,1016.6659226687796,1089.8138589500488
2023-03-17,1054.496544013675,1014.6982361807532,1088.0031448051898
2023-03-20,1056.74198705983,1019.2444768533439,1095.4590587054252
2023-03-21,1051.4479556856631,1014.2960398878234,1088.5359525347917
2023-03-22,1052.6967778633857,1011.3219186457371,1088.1177238753696
2023-03-23,1052.6217313101524,1017.9269786303639,1089.9343499559752
2023-03-24,1054.3811676297184,1016.6363798428225,1092.258742475483
2023-03-27,1056.62661067588,1020.0497297389786,1095.1411311099582
2023-03-28,1051.3325793016986,1016.5740030400051,1090.411704851427
2023-03-29,1052.5814014794264,1015.1106984138877,1086.1154743402453
2023-03-31,1054.2657912457482,1020.8050516151408,1093.1880226442725
2023-04-03,1056.5112342919135,1019.4931925530298,1095.110829156616
2023-04-05,1052.4660250954623,1015.823079501206,1089.3423952963933
2023-04-06,1054.0378782844653,1016.7952659629734,1091.6041956497795
2023-04-10,1064.6303566191443,1025.9812410796944,1101.5243387776281
2023-04-11,1060.9832249872077,1023.4071985636335,1096.1133383369329
2023-04-12,1063.878946907176,1026.7674765839358,1100.1460161870405
2023-04-13,1065.4508000961878,1027.3922817162095,1099.1510586499062
2023-04-17,1076.0432784308546,1038.1777392349888,1112.1169931252466
2023-04-18,1072.3961467989263,1035.4067010848883,1110.4868864354669
2023-04-19,1075.2918687188894,1034.8797838778835,1113.538084782139
2023-04-20,1076.8637219078978,1038.809540196123,1114.804855946237
2023-04-21,1080.2700579696966,1045.9273902543669,1118.0122156651012
2023-04-24,1087.4562002425666,1050.0963239742268,1125.1847985216657
2023-04-25,1083.8090686106393,1047.7505842685332,1120.092254180949
2023-04-26,1086.7047905305997,1048.8401908823805,1121.8224071165303
2023-04-27,1088.2766437196137,1049.6670065165533,1126.101694951983
2023-04-28,1091.6829797814175,1054.186389581055,1129.7478691716785
2023-05-02,1095.2219907770425,1060.4763507839825,1134.4556896325703
2023-05-03,1098.1177127856786,1061.367868411581,1138.6747335670696
2023-05-04,1099.6895660633645,1061.5481596660431,1135.7939899341873
2023-05-05,1103.0959022138368,1066.0075227116615,1141.599302973497
2023-05-08,1110.282044752719,1074.5142587805344,1149.1563732631655
2023-05-09,1106.6349132094654,1066.68399314719,1144.5167102776268
2023-05-10,1109.5306352181087,1068.4955306628137,1145.8688024132734
2023-05-11,1111.1024884957928,1075.9258171647032,1145.6216984435769
2023-05-12,1114.5088246462697,1074.488349087378,1151.1739095742923
2023-05-15,1121.694967185159,1083.8449649998372,1157.373333080404
2023-05-16,1118.0478356418926,1078.5050690742778,1155.106342346424
2023-05-17,1120.9435576505293,1084.996901991166,1160.0040834865213
2023-05-18,1122.5154109282141,1087.2341419262996,1161.2815929002297
2023-05-19,1125.9217470786957,1088.3902164737037,1162.4132919613053
2023-05-22,1133.107889617582,1095.4083889314563,1170.0592130594564
2023-05-23,1129.460758074315,1092.6446768689877,1168.265022287604
2023-05-24,1132.3564823940426,1095.3051316503386,1170.222119361917
2023-05-25,1133.9283379828084,1098.5054453247835,1168.0037050576848
2023-05-26,1137.334676444361,1098.332610238908,1173.3865987376066
2023-05-29,1144.5208259165022,1110.829026069891,1182.4568599304027
2023-05-30,1140.8736966843314,1102.0043019217112,1177.5342602062763
2023-05-31,1143.7694210040459,1103.7026031488372,1179.2178354529042
2023-06-01,1145.3412765928113,1107.760518367571,1181.1653649666116
2023-06-02,1148.7476150543685,1111.5572365552457,1186.4096763075731
2023-06-05,1155.9337645265064,1120.6621558352722,1194.5910759453755
2023-06-06,1152.2866352943356,1113.4919794865061,1188.5046866947473
2023-06-07,1155.1823596140525,1117.8886154680886,1194.637534907366
2023-06-08,1156.754215202827,1118.0304500325,1191.1492445989234
2023-06-09,1160.160553664376,1122.2040258928191,1198.2218426922116
2023-06-12,1167.3467031365099,1130.704633019856,1205.07927239581
2023-06-13,1163.6995739043418,1126.874498406559,1197.412481919415
2023-06-14,1166.5952982291528,1127.1640511230207,1201.350150828077
2023-06-15,1168.1671538230173,1129.7819279671992,1206.338837847986
2023-06-16,1171.5734922896543,1132.5243902652273,1209.0276695291395
2023-06-19,1178.759641777077,1142.8493485992726,1219.4331859200884
2023-06-20,1175.1125125500034,1140.2648989784632,1215.665329157275
2023-06-21,1178.0082368748199,1141.9291542849833,1214.4253630596188
2023-06-22,1179.5800924686782,1144.6081117519245,1216.8206740220032
2023-06-23,1182.986430935324,1147.0281115859334,1221.8420792049217
2023-06-26,1190.172580422754,1152.6902856406757,1229.3498450283712
2023-06-27,1186.525451195673,1150.2841723111683,1224.7822062304135
2023-06-28,1189.4211755204867,1151.1920541568502,1228.3691354197035
2023-06-30,1194.39936958098,1158.2438695405658,1233.6856802256236
2023-07-03,1201.5855190684138,1164.179336643913,1238.6891058204403
2023-07-04,1197.9383898413325,1159.9463163716775,1235.0231819962125
2023-07-05,1200.8341141661488,1165.4059379954858,1239.6068014912018
2023-07-06,1202.4059697600078,1165.872123668751,1238.9964509460433
2023-07-07,1205.8123081984122,1163.8895455114935,1243.8102337301168
2023-07-10,1212.998457601121,1176.6848005471325,1248.9930299668772
2023-07-11,1209.3513283458071,1171.4457907648334,1249.8181858978394
2023-07-12,1212.2470526423838,1175.8170207040814,1249.7558092228169
2023-07-13,1213.8189082080034,1177.508768427996,1251.7482283025627
2023-07-14,1217.22524664641,1181.7688028959403,1255.75519176592
2023-07-17,1224.4113960491154,1187.2923311548602,1261.323048459977
2023-07-18,1220.7642667938014,1185.1873127059857,1258.5909128132594
2023-07-19,1223.6599910903776,1185.8032012442925,1261.1627984014772
2023-07-20,1225.2318466560032,1188.0675908551023,1263.0722388950232
2023-07-21,1228.6381850944144,1188.9093678437691,1267.235643957345
2023-07-24,1235.8243344971272,1198.7002388042854,1271.4815603920424
2023-07-25,1232.177205241798,1194.4052190016178,1269.5043443432428
2023-07-26,1235.0729295383794,1199.8936782045184,1273.4905392145079
2023-07-27,1236.6447851039964,1198.377419066334,1272.1483247160481
2023-07-28,1240.0511235424121,1199.7429612699411,1277.2278250496872
2023-07-31,1240.868225561497,1202.5386471623822,1275.680316083682
2023-08-01,1235.0980805116262,1197.936853939564,1274.2625656321036
2023-08-02,1235.8707890136636,1197.269213596896,1272.7911049000418
2023-08-03,1235.3196287847534,1198.9466797543082,1272.5393539301563
2023-08-04,1236.602951428609,1198.7392358288087,1272.812201427928
2023-08-07,1237.4200534477,1198.292674653352,1274.2732775679206
2023-08-08,1231.6499083978317,1192.8084721439038,1264.8386896874345
2023-08-09,1232.4226168998714,1194.6633224806526,1268.441306914063
2023-08-10,1231.8714566709555,1197.031259105107,1270.267360857978
2023-08-11,1233.1547793148156,1196.7433759624444,1271.6651977926322
2023-08-14,1233.9718813339043,1195.8956274028228,1268.3187024685374
2023-08-16,1228.9744447860728,1189.7617143974146,1263.1557639725593
2023-08-17,1228.4232845571578,1192.3661351620758,1264.8795018583162
2023-08-18,1229.7066072010296,1193.8315869174774,1265.8224116333472
2023-08-21,1230.5237092201073,1195.47633350385,1267.2277308438966
2023-08-22,1223.9836711183566,1186.1093006906606,1261.2104336285129
2023-08-23,1223.9864865684947,1185.7565424552554,1260.9307710684236
2023-08-24,1222.665433287684,1187.0279133676643,1259.8478814339644
2023-08-25,1223.1788628796521,1183.8514071004902,1258.0133411709364
2023-08-28,1221.68628574305,1183.9217929322676,1257.1591996299283
2023-08-29,1215.1462476413,1177.8766703142426,1249.775463817107
2023-08-30,1215.149063091441,1176.4491663924198,1253.0498761941378
2023-08-31,1213.8280098106222,1177.4403868041604,1250.847422116555
2023-09-01,1214.3414394026058,1177.6742616931813,1253.1563582431977
2023-09-04,1212.8488622659936,1174.2637720260047,1248.5204792940465
2023-09-05,1206.3088241642558,1168.6009544154297,1242.391313656425
2023-09-06,1206.311639614387,1168.5052151827456,1243.466873361072
2023-09-07,1204.9905863335773,1164.9884229804054,1242.9130504895543
2023-09-08,1205.5040159255595,1167.6628530137446,1241.9908410499122
2023-09-11,1204.0114387889537,1168.5632387865123,1243.0161587064713
2023-09-12,1197.471400687199,1160.5251529813547,1236.862206757297
2023-09-13,1197.4742162149596,1162.4099373215013,1232.143041291527
2023-09-14,1196.1531630117724,1157.433980620157,1233.0785058278057
2023-09-15,1196.6665926813855,1159.2979387745559,1235.7094183108434
2023-09-18,1195.1740157776567,1159.8031477508314,1234.0790281490463
2023-09-20,1188.6367932812955,1150.7510200215916,1225.914681748141
2023-09-21,1187.3157400781063,1146.8218694909997,1224.4403848240358
2023-09-22,1187.8291697477077,1149.7064082581637,1225.169995760182
2023-09-25,1186.3365928439846,1150.0458083582062,1223.3278235480577
2023-09-26,1179.7965548198606,1141.7179431707564,1217.963805997153
2023-09-27,1179.7993703476232,1144.5648660617064,1215.5587247497583
2023-09-28,1178.47831714444,1138.76756632,1215.105712210551
2023-09-29,1178.9917468140325,1144.1418534692239,1217.2593220531132
2023-10-03,1170.9591318861892,1132.4790038965327,1208.754632164455
2023-10-04,1170.9619474139593,1132.263769753704,1206.3302576848141
2023-10-05,1169.640894210774,1133.1270504134545,1206.138151758385
2023-10-06,1170.1543238803713,1132.3537962640357,1209.56259806948
2023-10-09,1169.3854802110268,1130.8193098798963,1206.7885969922177
2023-10-10,1163.0866865983455,1126.563059911772,1200.8191452989645
2023-10-11,1163.330746537565,1128.2798148488957,1202.1841075507405
2023-10-12,1162.2509377458366,1125.9863972559683,1199.9397694572672
2023-10-13,1163.0056118268847,1125.743711631883,1201.2865501940635
2023-10-16,1162.2367681575465,1120.8772830761125,1200.4867491040095
2023-10-17,1155.9379745448653,1116.9458361159327,1192.0578399792055
2023-10-18,1156.1820344840921,1119.1377848608363,1192.3524253125945
2023-10-19,1155.102225692364,1117.111663012761,1192.4977898801699
2023-10-20,1155.8568997734146,1116.0999405135485,1190.6612707177362
2023-10-23,1155.0880561040667,1119.4447661467873,1190.6088251594358
2023-10-25,1149.033322430619,1111.2012045632182,1186.8499118392917
2023-10-26,1147.9535136388827,1111.4977575895512,1184.9161730272292
2023-10-27,1148.7081877199373,1109.9838771398631,1183.342333154465
2023-10-30,1147.9393440505867,1110.3969035917962,1183.4916226722758
2023-10-31,1143.9606259571444,1106.0592954359518,1181.631488234517
2023-11-01,1146.5247614155965,1108.0733265996446,1181.6036802327346
2023-11-02,1147.7650281431038,1108.672043594333,1184.4778719150002
2023-11-03,1150.83977774338,1114.1687368170742,1190.2056311926276
2023-11-06,1157.0311606317148,1120.4604912257307,1194.424924207911
2023-11-07,1153.0524425382757,1115.9860770104938,1189.4376980750465
2023-11-08,1155.6165779967328,1120.453874028943,1191.8615350908474
2023-11-09,1156.8568447242276,1122.348961794556,1197.8277508581511
2023-11-10,1159.9315943245122,1116.6934715798752,1195.1192345682696
2023-11-13,1166.1229772128445,1125.849724936485,1202.1840792591045
2023-11-15,1164.708394577861,1127.6048606089644,1202.5478372904097
2023-11-16,1165.9486613053618,1129.51517622444,1204.992664451025
2023-11-17,1169.0234109056512,1130.9251091272877,1207.2710709033122
2023-11-20,1175.2147937939899,1138.2373348428118,1215.1719393113929
2023-11-21,1171.2360757005379,1133.8456406230607,1209.0640943539856
2023-11-22,1173.8002111589924,1135.8669708471218,1209.6312634602966
2023-11-23,1176.8676670421214,1139.1872335028565,1212.4019917898627
2023-11-24,1181.7696057980404,1143.6783793740142,1219.7912390811673
2023-11-28,1191.2910272154575,1152.5742280610134,1233.151558477521
2023-11-29,1195.6823518295469,1159.001812383996,1230.9448969601685
2023-11-30,1198.749807712672,1162.930767590778,1233.0807514652645
2023-12-01,1203.6517464685924,1165.9326385265497,1240.9914710665253
2023-12-04,1215.324696823829,1177.431462587379,1254.9491942032746
2023-12-05,1213.1731678860137,1175.3780284465909,1251.6652590254282
2023-12-06,1217.5644925000977,1179.041315376341,1257.73419443355
2023-12-07,1220.631948383235,1180.7967090720133,1258.5676957215285
2023-12-08,1225.5338871391473,1185.500393445682,1265.1740778705432
2023-12-11,1237.20683749438,1200.838409370218,1275.5858956159607
2023-12-12,1235.055308556573,1196.961044622663,1272.6696015698044
2023-12-13,1239.4466331706521,1204.6752678414464,1274.7253920430996
2023-12-14,1242.5140890537855,1207.401408676371,1279.0344527253155
2023-12-15,1247.4160278097092,1210.661126310298,1282.8393067800255
2023-12-18,1259.4182120216735,1219.6888956761807,1297.4568710583078
2023-12-19,1257.3764277027833,1220.4323891378579,1292.88235779597
2023-12-20,1261.8774969357787,1226.0121145494354,1300.2505033931138
2023-12-21,1265.054697437824,1225.139095567786,1301.1133571124262
2023-12-22,1270.0663808126658,1232.146095706623,1308.5939430221508
2023-12-26,1280.0267807057298,1242.3718924683178,1319.360125835177
2023-12-27,1284.527849938728,1247.3483174509538,1319.9756939528772
2023-12-28,1287.7050504407716,1250.6752546293012,1328.9043750765322
2023-12-29,1292.7167338156087,1255.9765515203028,1332.5813915639924
2024-01-01,1304.7189180275661,1267.7131217184026,1340.9673298009343
2024-01-02,1302.677133708686,1264.1908254844875,1337.7810123140441
2024-01-03,1307.1782029416818,1267.0155784208985,1343.5617208832473
2024-01-04,1310.3554034437236,1272.9837058654152,1348.5424968826223
2024-01-05,1315.3670868185418,1277.0975280217144,1354.7234701886644
2024-01-08,1327.3692710305297,1289.8709549695268,1366.2728338696047
2024-01-09,1325.3274866364538,1288.7854955688028,1363.679620081607
2024-01-10,1329.8285557942643,1291.842777657098,1369.2722115974193
2024-01-11,1333.0057562211266,1295.1721754252087,1372.280523476012
2024-01-12,1338.0174395207755,1301.3190095460716,1373.4919712232893
2024-01-15,1350.0196235072112,1314.1977405327207,1385.6099212979684
2024-01-16,1347.9778391131376,1311.0019154124595,1388.2465977689576
2024-01-17,1352.478908270953,1319.1188489174906,1390.4817021024835
2024-01-18,1355.6561086978131,1316.0875919258706,1390.1478662511045
2024-01-19,1360.6677919974672,1324.1160593588152,1397.646746893298
2024-01-23,1370.6281915898192,1333.871567823192,1407.2698943810879
2024-01-24,1375.129260747634,1338.1451404772245,1412.8992504593064
2024-01-25,1378.3064611744935,1339.6386892039868,1417.8774179583702
2024-01-29,1395.3203284605918,1354.2449222511943,1432.2848674795969
2024-01-30,1393.2785440665004,1355.221192988131,1431.0128631038144
2024-01-31,1397.779613224318,1358.4346276059043,1433.4563935624492
2024-02-01,1400.9568136511896,1365.2837392142064,1439.6524915245943
2024-02-02,1404.8946691027024,1368.0167876738353,1443.7796671137485
2024-02-05,1413.6753695447344,1374.6063907858431,1448.4986869976246
2024-02-06,1410.5597573025118,1371.5707981565208,1448.6561284496167
2024-02-07,1413.986998612195,1377.123001790087,1449.8790863719955
2024-02-08,1416.0903711909277,1378.2053201257438,1451.355533161462
2024-02-09,1420.0282266424354,1384.0747613507367,1456.7809688050509
2024-02-12,1428.8089270844748,1391.9394349379427,1467.1341459202586
2024-02-13,1425.6933148422534,1388.7650190168654,1461.434868265198
2024-02-14,1429.1205561519419,1390.378603893788,1466.897952492664
2024-02-15,1431.2239287306722,1393.9957283436058,1469.9872405961598
2024-02-16,1435.1617841821849,1398.5451553785228,1473.61015985195
2024-02-19,1443.9424846242134,1405.716439868936,1479.0643532434376
2024-02-20,1440.8268723820024,1403.9843088663956,1476.1236293161692
2024-02-21,1444.2541136916884,1410.3227377939256,1485.9236831780518
2024-02-22,1446.3574862704104,1410.957154440698,1482.9662648414057
2024-02-23,1450.2953417219203,1410.353105859178,1489.3227134149363
2024-02-26,1452.3921464422076,1412.3258945879513,1490.8141068656332
2024-02-27,1447.0485689594143,1408.1712706895505,1484.4197546605415
2024-02-28,1448.247845028513,1412.1398038408408,1486.0961105814697
2024-02-29,1448.1232523666642,1409.745230874212,1485.311250004883
2024-03-01,1449.8331425775973,1416.3393988996327,1488.0700256608761
2024-03-04,1451.9299472978732,1414.1830807802621,1490.2182168411307
2024-03-05,1446.5863698150852,1409.370297292231,1487.194828346997
2024-03-06,1447.7856458841775,1409.7289094535777,1482.968947155802
2024-03-07,1447.661053222332,1410.0820444843816,1486.301020581047
2024-03-11,1451.46774815354,1415.5101122166004,1490.4981756466848
2024-03-12,1446.124170670752,1405.827814407022,1485.638702630449
2024-03-13,1447.3234467398513,1410.5582338283493,1484.7410402991673
2024-03-14,1447.1988540780037,1412.2853724080826,1485.7457050749013
2024-03-15,1448.908744288944,1409.030043470401,1484.51011426493
2024-03-18,1451.005549009224,1412.6399907902621,1488.8099645127472
2024-03-19,1445.6619675715306,1408.5271336454412,1482.5088014994378
2024-03-20,1446.8612396857447,1406.6626045853343,1482.4003464136124
2024-03-21,1446.7366430689983,1407.5337265552562,1482.844379825199
2024-03-22,1448.4465293250528,1409.0471736692182,1484.3691530774968
2024-03-26,1445.1997407429649,1410.4222274451379,1483.5859403062007
2024-03-27,1446.399012857182,1408.4771178995743,1483.9723764722714
2024-03-28,1446.274416240445,1407.6163848875126,1481.9233654341722
2024-04-01,1450.0810953520925,1413.234176117775,1489.307520268434
2024-04-02,1444.7375139144117,1409.733927495088,1481.5228993322323
2024-04-03,1445.9367860286209,1408.8008071247916,1483.4700236499498
2024-04-04,1445.812189411878,1407.4801761246383,1484.766398667235
2024-04-05,1447.5220756679187,1411.3782166731262,1485.6318950065927
2024-04-08,1449.6188685235281,1413.9568804075407,1486.830542585559
2024-04-09,1444.2752870858487,1407.4630866929556,1480.0997626643896
2024-04-10,1445.4745592000534,1409.1471096935397,1483.9341723761504
2024-04-12,1447.0598488393568,1411.1087310091193,1486.4813627631618
2024-04-15,1449.156641421514,1412.7663144595126,1487.075433323298
2024-04-16,1443.8130598926878,1410.6059935950354,1481.4814629430655
2024-04-18,1444.8877352078553,1406.541992158231,1483.8617736226693
2024-04-19,1446.5976213727392,1406.6493736129719,1486.1015411882533
2024-04-22,1448.6944139549023,1411.9414144014845,1488.4097807319347
2024-04-23,1443.3508324260765,1407.2410756964528,1481.1298387961265
2024-04-24,1444.5501044491396,1407.0456481859,1481.1692518363802
2024-04-25,1444.4255077412386,1410.872926960696,1480.152225597344
2024-04-26,1446.135393906138,1409.4827873885158,1485.9168932076925
2024-04-29,1448.232186488309,1411.1142735740996,1485.9035015093136
2024-04-30,1442.888604959475,1407.6198524645474,1482.1822546486549
2024-05-02,1443.9632802746394,1408.8629131672149,1482.4775310967248
2024-05-03,1445.6731664395234,1410.1023654870244,1484.3826719975955
2024-05-06,1447.769959021697,1407.0238969760258,1483.7141778186112
2024-05-07,1442.4263774928636,1405.835995853385,1481.605190441173
2024-05-08,1444.2966614492839,1406.105105109925,1482.493935750901
2024-05-09,1444.8430766747497,1404.2406622805956,1481.524574580117
2024-05-10,1447.2239747730064,1410.6504839889124,1485.5187930957602
2024-05-13,1451.3338031552557,1414.3984743067365,1487.8367950118845
2024-05-14,1446.661233559787,1410.4726340833117,1484.1394629428771
2024-05-15,1448.5315175162098,1412.2938408461946,1485.701600869404
2024-05-16,1449.0779327416762,1411.3527555090013,1488.8493221142824
2024-05-17,1451.4588308399354,1415.254893019464,1488.266973671052
2024-05-21,1450.896089626706,1415.149149256265,1486.8073308804928
2024-05-22,1452.7663735831281,1418.6900222613297,1492.157959986097
2024-05-23,1453.312788808594,1412.9516701416057,1488.412767457029
2024-05-24,1455.6936869068506,1419.0398060951054,1494.1257288327747
2024-05-27,1459.80351528911,1422.3502960807616,1493.6943509872926
2024-05-28,1455.1309456936249,1419.474423679592,1493.9572146501914
2024-05-29,1457.0012296500545,1421.376693952644,1494.224458802383
2024-05-30,1457.5476448755187,1422.192474734463,1495.536167923506
2024-05-31,1460.66719832354,1422.0645581190804,1496.944265534857
2024-06-03,1466.9929927550675,1431.3028428476018,1505.1441913659717
2024-06-04,1463.0590785093473,1424.2254378985956,1498.4293851539528
2024-06-05,1465.66801781553,1429.3127713179347,1503.955194062176
2024-06-06,1466.953088390761,1432.2874204200227,1503.8241170395067
2024-06-07,1470.0726418387703,1434.6929943090056,1508.49062178378
2024-06-10,1476.3984362703045,1440.2404605497036,1512.1551233161056
2024-06-11,1472.464522024584,1435.0073874013794,1510.4109671567944
2024-06-12,1475.073461330766,1436.7814573760247,1514.1724950604855
2024-06-13,1476.3585319060032,1439.9735567261926,1514.8658124083925
2024-06-14,1479.4780853540174,1441.0777540694173,1516.9557862180286
2024-06-18,1481.869965539831,1445.6807132763574,1521.837444286461
2024-06-19,1484.4789048460057,1443.8330667123237,1520.3137592209637
2024-06-20,1485.7639754212387,1448.1686501451288,1522.1758382264093
2024-06-21,1488.8835288692576,1451.5413335527771,1527.6556775019392
2024-06-24,1495.2093233007781,1459.2172323876844,1532.6299790825487
2024-06-25,1491.2754090477215,1455.6571325700068,1529.579534756866
2024-06-26,1493.8843483465578,1458.058966754645,1532.8653114418444
2024-06-27,1495.1694189144496,1455.4263922380237,1534.331486946069
2024-06-28,1498.2889723551145,1460.4171069815586,1536.1728164437955
2024-07-01,1504.6147667645942,1469.605559252649,1540.9852936980385
2024-07-02,1500.68085251154,1465.5070406664906,1537.6621972189641
2024-07-03,1503.2897918103818,1467.5867306474927,1539.063903576962
2024-07-04,1504.574862378261,1467.9267270371322,1538.921670845719
2024-07-05,1507.694415818934,1468.888000398686,1545.552809525932
2024-07-08,1514.0202102284118,1478.7005744323976,1550.1501458860607
2024-07-09,1510.0862959753688,1472.551274409349,1546.3138301215172
2024-07-10,1512.695235274196,1475.585258282389,1548.2769844086852
2024-07-11,1513.9803058420828,1476.8596417824133,1551.8423093138042
2024-07-12,1517.099859282761,1476.9851000993033,1553.0793330840509
2024-07-15,1523.425653692245,1484.4082444879448,1559.408916617464
2024-07-16,1517.8491458905141,1479.1572746909521,1554.473236057138
2024-07-18,1518.457968659877,1482.75605155263,1556.9053141634363
2024-07-19,1519.934928551879,1483.5786299022,1555.7852569475613
2024-07-22,1521.332942315345,1484.9859036664197,1560.3948875643016
2024-07-23,1515.7564345136138,1479.30965956145,1555.1220152843473
2024-07-24,1516.7227802637751,1480.9282995561787,1554.0977387715873
2024-07-25,1516.3652572829758,1480.9000193837428,1553.9325175141587
2024-07-26,1517.8422171749792,1479.935567708441,1556.3736944739458
2024-07-29,1519.2402309384443,1480.9696899097132,1556.5830518456078
2024-07-30,1513.6637231367158,1475.2965820005084,1552.649683338629
2024-07-31,1514.6300688868744,1477.6230712390695,1554.9721759913439
2024-08-01,1514.2725459060873,1476.8416453565328,1551.0035544667346
2024-08-02,1515.7495057980752,1477.6913639671436,1554.8131606858456
2024-08-05,1517.147519561543,1482.2705539884123,1552.859829341514
2024-08-06,1511.5710117598157,1475.260915153034,1550.310395628872
2024-08-07,1512.5373575099763,1473.4939455863914,1548.2796528533636
2024-08-08,1510.4275220929915,1472.7800996119438,1547.8982577986997
2024-08-09,1510.1521695487968,1471.3064005935812,1545.2139320628257
2024-08-12,1506.2932460036914,1469.910413902421,1542.2593690259898
2024-08-13,1498.9644257657549,1461.0235117805676,1538.5687609297743
2024-08-14,1498.178459079725,1461.7686744757084,1536.9903266077472
2024-08-16,1495.7932711185313,1456.6045923854738,1535.1973397627164
2024-08-19,1491.9343475734324,1457.0791501570675,1530.369649529198
2024-08-20,1484.6055273354962,1444.2866855391326,1521.6422528967357
2024-08-21,1483.8195606494683,1448.7157015685452,1521.8436107025777
2024-08-22,1481.7097252324802,1446.0518964588896,1519.588829708122
2024-08-23,1481.4343726882757,1444.868138205881,1519.5991291077437
2024-08-26,1477.5754491431726,1439.5571837445518,1513.2754200638994
2024-08-27,1470.2466289052468,1431.2435783198075,1507.4266647052825
2024-08-28,1469.460662219217,1432.4729171419565,1508.2049884051555
2024-08-29,1467.3508268022263,1429.9417242913464,1505.7344462832077
2024-08-30,1467.07547425802,1431.7514784392263,1506.3096573686746
2024-09-02,1463.2165507129132,1425.2640985901326,1500.6648356015698
2024-09-03,1455.8877304749901,1417.388756498986,1494.5623847418299
2024-09-04,1455.1017637889554,1418.696213967674,1490.9790417471527
2024-09-05,1452.9919283719728,1416.882974410098,1491.5529683859263
2024-09-06,1452.716575827771,1412.900647103857,1489.1837711886103
2024-09-09,1448.8576522826543,1408.089574738253,1487.9917020225394
2024-09-10,1441.5288320447332,1401.9060731231962,1478.5498395396776
2024-09-11,1440.742865358704,1404.1607695859361,1478.2246493693553
2024-09-12,1438.633029941715,1402.8917606864122,1473.6082206296699
2024-09-13,1438.3576773975221,1401.3215264296573,1475.5716187204857
2024-09-16,1434.4987538523953,1395.7970923779965,1472.1127149169936
2024-09-17,1427.1699336144743,1388.1327288868208,1467.0018263001189
2024-09-18,1426.3839669284444,1390.9210346979905,1463.3840643299557
2024-09-19,1424.2741315114547,1382.9484861917715,1458.265592574161
2024-09-20,1423.9987789672664,1386.5017158224532,1462.3190059081685
2024-09-23,1420.139855422154,1384.4650063144693,1457.7511415543186
2024-09-24,1412.8110351842151,1377.091924933107,1449.936820837145
2024-09-25,1412.025068498188,1376.3161937396264,1446.6113758300703
2024-09-26,1409.9152330812076,1373.4630926939392,1447.1452134454469
2024-09-27,1409.6398805370109,1372.278488013968,1445.4170800439747
2024-09-30,1405.780956991894,1369.0662864637168,1443.6642034630088
2024-10-01,1398.4521367539585,1360.4957301421396,1436.4968382643833
2024-10-03,1395.5563346509475,1356.3475284833382,1431.8018169873496
2024-10-04,1395.2809821067451,1356.9063737105666,1431.188471892796
2024-10-07,1391.422058561636,1353.6423899101612,1429.2650182000734
2024-10-08,1384.0932383237016,1345.2167192701552,1422.5995993744261
2024-10-09,1383.3072716376716,1344.4572498940288,1421.0522927830468
2024-10-10,1381.1974362206936,1343.6840046406232,1420.1818667174427
2024-10-11,1380.9220836764966,1344.2369530892292,1414.491932967279
2024-10-14,1377.0631601313762,1338.7684824397306,1414.971332940793
2024-10-15,1369.7343398934524,1330.5335044095289,1407.384531726191
2024-10-16,1368.9483732074154,1332.1492306554117,1406.713235390594
2024-10-17,1366.8385377904335,1328.5484594617717,1402.4792493443767
2024-10-18,1366.5631852462338,1327.8709371214482,1405.361064567379
2024-10-21,1362.7042617011173,1322.9350436513184,1399.6371806433162
2024-10-22,1355.3754414631956,1316.3490384202148,1391.665233684687
2024-10-23,1354.5894747771638,1319.1522914069483,1391.230750707229
2024-10-24,1352.4796393601796,1317.4847367932202,1389.0474848849838
2024-10-25,1352.204286815985,1314.3993763650415,1388.5905637549229
2024-10-28,1348.3453632708577,1312.7431494160405,1384.9692836791373
2024-10-29,1341.016543032939,1303.400230796491,1379.576809984663
2024-10-30,1340.2305763469024,1303.296247299881,1378.70960318606
2024-10-31,1338.1207409299218,1299.8485920775472,1376.533118732109
2024-11-01,1337.8453883857292,1301.5028387761452,1374.4587980341437
2024-11-04,1333.9864648405987,1296.1038092554177,1371.6108677531683
2024-11-05,1326.6576446026875,1289.9122326788515,1361.8474492433954
2024-11-06,1325.8716779166507,1289.9380479527065,1361.7157068514807
2024-11-07,1323.7618424996683,1287.14529812771,1362.9606093081304
2024-11-08,1323.4864899554639,1284.5402740243635,1358.3902629150223
2024-11-11,1319.627566410357,1282.6763496401406,1354.2835830741135
2024-11-12,1312.2987461724329,1274.3199094862978,1349.9492654416788
2024-11-13,1311.5127794863993,1273.5519013348292,1348.8182618275173
2024-11-14,1309.4029440694078,1269.9430991192442,1345.3979137266126
2024-11-18,1305.2686679800984,1267.9614299890281,1342.9734270305257
2024-11-19,1297.9398477421737,1258.5583772312352,1334.3135960598559
2024-11-21,1295.044045639161,1256.940830825021,1331.9156530987232
2024-11-22,1294.7686930949524,1255.1150232044488,1328.4752395860917
2024-11-25,1290.9097695498394,1255.1405212952598,1325.470866153496
2024-11-26,1283.580949311917,1250.079249608315,1322.0344045279367
2024-11-27,1282.794982625888,1248.2364531654696,1321.8096045735297
2024-11-28,1280.6851472089006,1245.0789933966398,1318.541235284249
2024-11-29,1280.4097946646966,1242.9781754475096,1314.3678497400163
2024-12-02,1276.5508711195978,1240.6355505361819,1315.8514831700666
2024-12-03,1269.2220508816602,1233.2757569153653,1305.8413851131975
2024-12-04,1268.4360841956266,1231.8949649072217,1304.360792556978
2024-12-05,1266.3262487786494,1229.5840732901809,1302.6458581362874
2024-12-06,1266.050896234448,1229.4802233108378,1303.1704472148624
2024-12-09,1262.1919726893382,1225.1848220692966,1298.898464633288
2024-12-10,1254.8631524514033,1217.302666701772,1290.555557196985
2024-12-11,1254.0771857653751,1218.0481203101108,1289.5089834523608
2024-12-12,1251.967350348389,1215.5740220247474,1289.7352834468536
2024-12-13,1251.6919978041824,1215.3883445123765,1289.7949354041943
2024-12-16,1247.8330742590801,1208.5490045136778,1283.6797635122666
2024-12-17,1240.5042540211443,1202.4768398407,1277.1087429101397
2024-12-18,1239.7182873351185,1201.7238880442026,1276.4919960217849
2024-12-19,1237.6084519181288,1197.9940284365941,1274.2617503073304
2024-12-20,1237.3330993739335,1200.2915207449632,1274.1494715613035
2024-12-23,1233.4741758288203,1196.327173253113,1270.1462446325604
2024-12-24,1226.1453555908954,1188.7702616220859,1261.3282570336683
2024-12-26,1223.2495534878817,1185.500357034972,1259.649329678291
2024-12-27,1222.9742009436711,1187.834181104478,1260.717529700577
2024-12-30,1219.1152773985607,1179.4232752566309,1255.4899091418083
2024-12-31,1211.7864571606362,1174.1771278908748,1247.5658642199646
2025-01-01,1211.0004904746056,1174.496938010756,1250.0458072536092
2025-01-02,1208.8906550576214,1174.9730646101627,1245.7811478930585
2025-01-03,1208.615302513422,1171.9276183306124,1244.7149850575815
2025-01-04,1210.183633264704,1173.7713029392094,1246.6304361013424
2025-01-05,1208.1323606179283,1171.1188041055323,1243.4674667052318
2025-01-06,1204.7563789683027,1168.9125655378682,1240.1814711954894
2025-01-07,1197.4275587303816,1161.215197201612,1236.2089791308124
2025-01-08,1196.641592044346,1159.423571832877,1236.0764444185395
2025-01-09,1194.5317566273636,1156.8750677366488,1235.514058437662
2025-01-10,1194.2564040831733,1155.2716089445425,1230.4555894067837
2025-01-11,1195.8247348344457,1155.19636266743,1235.1941417629264
2025-01-12,1193.7734621876707,1155.3651399652242,1233.0861919559559
2025-01-13,1190.3974805380428,1153.8036240055787,1227.898407931096
2025-01-14,1183.0686603001225,1141.6263440240741,1220.8194307776257
2025-01-15,1182.2826936140896,1143.6701758627312,1220.564332329778
2025-01-16,1180.1728581971036,1142.3822772168526,1217.9690397844138
2025-01-17,1179.897505652911,1143.5885461135633,1217.67061935287
2025-01-18,1181.4658364042052,1144.096580545498,1221.9014025531826
2025-01-19,1179.4145637574131,1139.266376429161,1220.4587980336655
2025-01-20,1176.0385821078014,1138.1015124513444,1214.1187254948957
2025-01-21,1168.7097618698633,1127.1875580911308,1207.46549798212
2025-01-22,1167.9237951838381,1130.5850762369914,1207.1215345413964
2025-01-23,1165.81395976685,1125.602632858123,1206.786621326679
2025-01-24,1165.5386072226618,1124.7497608623555,1206.7998603092367
2025-01-25,1167.1069379739345,1126.3384119185641,1208.432968503414
2025-01-26,1165.0556653271558,1126.0865167729253,1206.0378614266199
2025-01-27,1161.6796836775418,1119.034531178968,1203.0049177828607
2025-01-28,1154.350863439609,1112.5444251935614,1196.5717461703466
2025-01-29,1153.5648967535765,1112.430042821267,1193.0019262790336
2025-01-30,1151.4550613365961,1109.7693903796815,1192.1667629873546
